time_step,NMI
1,0.967704427014768
2,0.990853454153376
3,1
4,0.990582686991204
5,1
6,0.993220669289402
7,0.993025169835914
8,0.993668219711775
9,0.982889588859217
10,0.993674714245123
